사용월,호선명,역ID,지하철역,유임승차,유임하차,무임승차,무임하차,작업일시
2020-02,1호선,0150,서울역,"1,016,616","962,133","144,018","137,714",2020-03-03 12:13:54
2020-02,1호선,0151,시청,"497,795","503,452","72,691","71,038",2020-03-03 12:13:54
2020-02,1호선,0152,종각,"872,537","849,775","112,493","105,074",2020-03-03 12:13:54
2020-02,1호선,0153,종로3가,"478,117","458,780","242,424","226,097",2020-03-03 12:13:54
2020-02,1호선,0154,종로5가,"384,746","392,799","186,911","178,789",2020-03-03 12:13:54
2020-02,1호선,0155,동대문,"213,374","220,153","90,504","90,311",2020-03-03 12:13:54
2020-02,1호선,0156,신설동,"279,911","274,174","93,563","88,925",2020-03-03 12:13:54
2020-02,1호선,0157,제기동,"216,277","209,368","206,429","218,884",2020-03-03 12:13:54
2020-02,1호선,0158,청량리(서울시립대입구),"318,492","316,807","212,707","213,652",2020-03-03 12:13:54
2020-02,1호선,0159,동묘앞,"117,820","124,937","100,130","102,701",2020-03-03 12:13:54
2020-02,2호선,0201,시청,"566,526","553,529","43,058","39,060",2020-03-03 12:13:54
2020-02,2호선,0202,을지로입구,"998,687","1,029,160","73,923","69,085",2020-03-03 12:13:54
2020-02,2호선,0203,을지로3가,"492,472","493,218","64,061","62,572",2020-03-03 12:13:54
2020-02,2호선,0204,을지로4가,"251,462","250,450","67,203","64,652",2020-03-03 12:13:54
2020-02,2호선,0205,동대문역사문화공원,"315,886","358,395","40,156","41,712",2020-03-03 12:13:54
2020-02,2호선,0206,신당,"283,255","297,117","74,229","76,428",2020-03-03 12:13:54
2020-02,2호선,0207,상왕십리,"299,940","284,578","50,605","50,671",2020-03-03 12:13:54
2020-02,2호선,0208,왕십리(성동구청),"397,847","336,629","43,258","36,263",2020-03-03 12:13:54
2020-02,2호선,0209,한양대,"159,376","173,786","10,533","10,748",2020-03-03 12:13:54
2020-02,2호선,0210,뚝섬,"447,294","480,366","46,153","46,800",2020-03-03 12:13:54
2020-02,2호선,0211,성수,"703,624","772,458","84,617","86,496",2020-03-03 12:13:54
2020-02,2호선,0212,건대입구,"894,294","969,510","70,630","73,171",2020-03-03 12:13:54
2020-02,2호선,0213,구의(광진구청),"529,706","511,688","81,980","83,928",2020-03-03 12:13:54
2020-02,2호선,0214,강변(동서울터미널),"837,654","827,917","92,134","89,047",2020-03-03 12:13:54
2020-02,2호선,0215,잠실나루,"290,715","278,275","60,474","60,188",2020-03-03 12:13:54
2020-02,2호선,0216,잠실(송파구청),"1,706,760","1,651,118","128,395","121,913",2020-03-03 12:13:54
2020-02,2호선,0217,잠실새내,"478,015","483,051","77,195","76,965",2020-03-03 12:13:54
2020-02,2호선,0218,종합운동장,"158,537","174,374","29,623","30,688",2020-03-03 12:13:54
2020-02,2호선,0219,삼성(무역센터),"1,246,045","1,280,831","90,557","84,373",2020-03-03 12:13:54
2020-02,2호선,0220,선릉,"1,210,480","1,080,636","180,866","159,258",2020-03-03 12:13:54
2020-02,2호선,0221,역삼,"1,117,200","1,249,856","128,894","130,532",2020-03-03 12:13:54
2020-02,2호선,0222,강남,"2,283,516","2,345,497","139,949","124,624",2020-03-03 12:13:54
2020-02,2호선,0223,교대(법원.검찰청),"738,424","831,050","116,865","130,142",2020-03-03 12:13:54
2020-02,2호선,0224,서초,"490,679","485,184","61,859","61,740",2020-03-03 12:13:54
2020-02,2호선,0225,방배,"366,331","381,104","56,864","56,184",2020-03-03 12:13:54
2020-02,2호선,0226,사당,"859,664","957,293","135,476","129,715",2020-03-03 12:13:54
2020-02,2호선,0227,낙성대,"638,327","607,955","83,932","85,759",2020-03-03 12:13:54
2020-02,2호선,0228,서울대입구(관악구청),"1,135,231","1,103,449","151,450","145,049",2020-03-03 12:13:54
2020-02,2호선,0229,봉천,"516,012","467,536","119,128","120,519",2020-03-03 12:13:54
2020-02,2호선,0230,신림,"1,554,701","1,500,865","180,675","183,615",2020-03-03 12:13:54
2020-02,2호선,0231,신대방,"601,691","568,429","95,225","97,530",2020-03-03 12:13:54
2020-02,2호선,0232,구로디지털단지,"1,436,819","1,440,557","138,505","140,571",2020-03-03 12:13:54
2020-02,2호선,0233,대림(구로구청),"552,046","553,448","87,456","90,755",2020-03-03 12:13:54
2020-02,2호선,0234,신도림,"1,205,858","1,197,951","151,014","143,939",2020-03-03 12:13:54
2020-02,2호선,0235,문래,"449,932","460,551","58,997","58,197",2020-03-03 12:13:54
2020-02,2호선,0236,영등포구청,"487,213","494,027","78,134","77,260",2020-03-03 12:13:54
2020-02,2호선,0237,당산,"450,282","520,782","48,681","52,252",2020-03-03 12:13:54
2020-02,2호선,0238,합정,"784,455","838,067","53,736","53,463",2020-03-03 12:13:54
2020-02,2호선,0239,홍대입구,"1,655,178","1,773,046","77,762","75,288",2020-03-03 12:13:54
2020-02,2호선,0240,신촌,"923,819","951,184","96,379","93,415",2020-03-03 12:13:54
2020-02,2호선,0241,이대,"321,719","337,021","40,072","41,050",2020-03-03 12:13:54
2020-02,2호선,0242,아현,"196,485","186,829","48,084","47,755",2020-03-03 12:13:54
2020-02,2호선,0243,충정로(경기대입구),"227,813","241,700","38,146","37,907",2020-03-03 12:13:54
2020-02,2호선,0244,용답,"50,165","49,116","13,143","12,886",2020-03-03 12:13:54
2020-02,2호선,0245,신답,"32,480","36,712","7,674","8,443",2020-03-03 12:13:54
2020-02,2호선,0246,신설동,"68,818","67,297","26,214","28,387",2020-03-03 12:13:54
2020-02,2호선,0247,도림천,"25,476","26,985","5,148","5,457",2020-03-03 12:13:54
2020-02,2호선,0248,양천구청,"135,332","143,143","34,003","34,985",2020-03-03 12:13:54
2020-02,2호선,0249,신정네거리,"187,069","193,053","50,794","52,080",2020-03-03 12:13:54
2020-02,2호선,0250,용두(동대문구청),"39,635","41,056","17,570","19,043",2020-03-03 12:13:54
2020-02,3호선,0309,지축,"53,206","52,792","9,879","11,647",2020-03-03 12:13:54
2020-02,3호선,0310,구파발,"441,130","407,708","83,855","78,992",2020-03-03 12:13:54
2020-02,3호선,0311,연신내,"802,366","754,851","207,328","202,223",2020-03-03 12:13:54
2020-02,3호선,0312,불광,"318,698","345,685","103,723","114,581",2020-03-03 12:13:54
2020-02,3호선,0313,녹번,"287,442","248,634","52,432","52,026",2020-03-03 12:13:54
2020-02,3호선,0314,홍제,"335,827","313,593","107,145","107,426",2020-03-03 12:13:54
2020-02,3호선,0315,무악재,"74,882","74,377","22,494","24,346",2020-03-03 12:13:54
2020-02,3호선,0316,독립문,"122,821","127,578","51,710","51,153",2020-03-03 12:13:54
2020-02,3호선,0317,경복궁(정부서울청사),"433,334","432,360","67,207","61,463",2020-03-03 12:13:54
2020-02,3호선,0318,안국,"451,969","470,962","61,694","65,051",2020-03-03 12:13:54
2020-02,3호선,0319,종로3가,"211,624","257,722","47,011","51,073",2020-03-03 12:13:54
2020-02,3호선,0320,을지로3가,"227,281","239,289","44,980","43,633",2020-03-03 12:13:54
2020-02,3호선,0321,충무로,37,0,0,0,2020-03-03 12:13:54
2020-02,3호선,0322,동대입구,"179,415","193,434","23,652","25,170",2020-03-03 12:13:54
2020-02,3호선,0323,약수,"276,198","268,630","61,258","58,598",2020-03-03 12:13:54
2020-02,3호선,0324,금호,"168,555","154,116","41,385","41,029",2020-03-03 12:13:54
2020-02,3호선,0325,옥수,"185,294","192,768","41,235","41,446",2020-03-03 12:13:54
2020-02,3호선,0326,압구정,"712,406","775,511","97,265","94,876",2020-03-03 12:13:54
2020-02,3호선,0327,신사,"758,220","818,286","59,120","56,616",2020-03-03 12:13:54
2020-02,3호선,0328,잠원,"119,098","115,734","26,659","26,026",2020-03-03 12:13:54
2020-02,3호선,0329,고속터미널,"1,027,587","1,006,204","109,638","105,316",2020-03-03 12:13:54
2020-02,3호선,0330,교대(법원.검찰청),"293,763","193,901","49,930","30,790",2020-03-03 12:13:54
2020-02,3호선,0331,남부터미널(예술의전당),"685,896","704,020","85,973","86,399",2020-03-03 12:13:54
2020-02,3호선,0332,양재(서초구청),"853,227","926,766","112,180","113,191",2020-03-03 12:13:54
2020-02,3호선,0333,매봉,"236,744","228,797","42,449","38,504",2020-03-03 12:13:54
2020-02,3호선,0334,도곡,"111,754","115,829","19,115","16,608",2020-03-03 12:13:54
2020-02,3호선,0335,대치,"251,069","242,716","44,681","42,687",2020-03-03 12:13:54
2020-02,3호선,0336,학여울,"37,600","38,422","11,436","10,928",2020-03-03 12:13:54
2020-02,3호선,0337,대청,"199,403","182,317","41,958","40,572",2020-03-03 12:13:54
2020-02,3호선,0338,일원,"182,086","181,151","44,365","44,051",2020-03-03 12:13:54
2020-02,3호선,0339,수서,"344,557","346,094","75,197","74,101",2020-03-03 12:13:54
2020-02,3호선,0340,가락시장,"172,661","169,154","54,995","53,437",2020-03-03 12:13:54
2020-02,3호선,0341,경찰병원,"158,029","156,815","31,676","31,942",2020-03-03 12:13:54
2020-02,3호선,0342,오금,"140,851","123,058","20,806","19,539",2020-03-03 12:13:54
2020-02,4호선,0409,당고개,"251,214","228,618","71,164","70,801",2020-03-03 12:13:54
2020-02,4호선,0410,상계,"408,832","364,627","89,276","87,642",2020-03-03 12:13:54
2020-02,4호선,0411,노원,"466,259","538,300","69,954","68,852",2020-03-03 12:13:54
2020-02,4호선,0412,창동,"541,022","577,952","145,912","151,764",2020-03-03 12:13:54
2020-02,4호선,0413,쌍문,"665,285","589,973","127,242","125,757",2020-03-03 12:13:54
2020-02,4호선,0414,수유(강북구청),"763,450","759,475","157,921","158,323",2020-03-03 12:13:54
2020-02,4호선,0415,미아(서울사이버대학),"308,812","285,882","89,414","90,302",2020-03-03 12:13:54
2020-02,4호선,0416,미아사거리,"601,614","581,227","139,914","138,458",2020-03-03 12:13:54
2020-02,4호선,0417,길음,"428,807","404,540","85,965","86,834",2020-03-03 12:13:54
2020-02,4호선,0418,성신여대입구(돈암),"451,210","426,239","65,548","63,782",2020-03-03 12:13:54
2020-02,4호선,0419,한성대입구(삼선교),"289,225","277,575","55,345","54,983",2020-03-03 12:13:54
2020-02,4호선,0420,혜화,"758,288","784,124","91,812","90,455",2020-03-03 12:13:54
2020-02,4호선,0421,동대문,"399,684","419,904","104,045","99,322",2020-03-03 12:13:54
2020-02,4호선,0422,동대문역사문화공원,"418,402","385,941","42,339","38,393",2020-03-03 12:13:54
2020-02,4호선,0423,충무로,"598,110","617,696","94,713","94,885",2020-03-03 12:13:54
2020-02,4호선,0424,명동,"630,664","671,930","43,692","43,780",2020-03-03 12:13:54
2020-02,4호선,0425,회현(남대문시장),"490,496","528,027","111,862","110,702",2020-03-03 12:13:54
2020-02,4호선,0426,서울역,"285,563","445,274","30,972","35,019",2020-03-03 12:13:54
2020-02,4호선,0427,숙대입구(갈월),"307,871","304,875","41,479","38,959",2020-03-03 12:13:54
2020-02,4호선,0428,삼각지,"100,578","114,953","19,023","20,060",2020-03-03 12:13:54
2020-02,4호선,0429,신용산,"352,548","370,081","37,679","36,929",2020-03-03 12:13:54
2020-02,4호선,0430,이촌(국립중앙박물관),"150,207","169,180","30,722","33,004",2020-03-03 12:13:54
2020-02,4호선,0431,동작(현충원),"39,394","41,894","14,401","14,170",2020-03-03 12:13:54
2020-02,4호선,0432,총신대입구(이수),"394,004","436,837","113,098","118,393",2020-03-03 12:13:54
2020-02,4호선,0433,사당,"607,271","514,563","63,455","62,289",2020-03-03 12:13:54
2020-02,4호선,0434,남태령,"24,375","19,571","6,298","5,896",2020-03-03 12:13:54
2020-02,경부선,1001,서울역,"124,920","33,383","6,666","1,472",2020-03-03 12:13:54
2020-02,경부선,1002,남영,"213,447","223,641","27,856","29,049",2020-03-03 12:13:54
2020-02,경부선,1003,용산,"784,728","803,514","85,130","84,384",2020-03-03 12:13:54
2020-02,경부선,1004,노량진,"229,041","219,573","24,250","21,911",2020-03-03 12:13:54
2020-02,경부선,1005,대방,"280,968","287,110","50,566","50,493",2020-03-03 12:13:54
2020-02,경부선,1006,영등포,"880,993","922,465","185,437","184,471",2020-03-03 12:13:54
2020-02,경부선,1007,신도림,"78,679","76,987","17,565","18,869",2020-03-03 12:13:54
2020-02,경부선,1032,신길,"197,329","161,615","33,018","30,238",2020-03-03 12:13:54
2020-02,경부선,1701,구로,"376,593","387,979","69,006","66,730",2020-03-03 12:13:54
2020-02,경부선,1702,가산디지털단지,"398,649","457,838","26,065","28,465",2020-03-03 12:13:54
2020-02,경부선,1703,금천구청,"227,199","218,880","58,671","60,094",2020-03-03 12:13:54
2020-02,경부선,1704,석수,"219,932","191,697","34,657","33,208",2020-03-03 12:13:54
2020-02,경부선,1705,관악,"147,606","134,245","37,839","36,640",2020-03-03 12:13:54
2020-02,경부선,1706,안양,"476,130","471,085","83,103","85,704",2020-03-03 12:13:54
2020-02,경부선,1707,명학,"183,045","178,802","32,435","31,842",2020-03-03 12:13:54
2020-02,경부선,1708,금정,"559,998","573,549","78,757","80,228",2020-03-03 12:13:54
2020-02,경부선,1709,군포,"149,318","147,088","27,243","26,321",2020-03-03 12:13:54
2020-02,경부선,1710,의왕,"185,343","181,915","30,934","30,897",2020-03-03 12:13:54
2020-02,경부선,1711,성균관대,"299,492","294,713","36,025","36,616",2020-03-03 12:13:54
2020-02,경부선,1712,화서,"149,663","143,418","27,623","27,493",2020-03-03 12:13:54
2020-02,경부선,1713,수원,"778,347","827,825","94,185","99,798",2020-03-03 12:13:54
2020-02,경부선,1714,독산,"345,532","359,316","50,251","51,863",2020-03-03 12:13:54
2020-02,경부선,1715,세류,"68,074","63,167","11,564","11,546",2020-03-03 12:13:54
2020-02,경부선,1716,병점,"292,166","291,732","40,749","39,738",2020-03-03 12:13:54
2020-02,경부선,1717,세마,"49,395","44,112","9,870","9,163",2020-03-03 12:13:54
2020-02,경부선,1718,오산대,"55,276","48,716","9,445","8,972",2020-03-03 12:13:54
2020-02,경부선,1719,오산,"195,543","192,077","31,253","32,120",2020-03-03 12:13:54
2020-02,경부선,1720,진위,"28,907","24,829","5,365","5,030",2020-03-03 12:13:54
2020-02,경부선,1721,송탄,"85,655","81,977","15,642","15,291",2020-03-03 12:13:54
2020-02,경부선,1722,서정리,"108,524","107,118","19,059","18,768",2020-03-03 12:13:54
2020-02,경부선,1723,지제,"51,960","46,546","5,767","5,336",2020-03-03 12:13:54
2020-02,경부선,1724,평택,"233,755","229,204","43,424","42,032",2020-03-03 12:13:54
2020-02,경부선,1725,성환,"59,767","59,815","15,688","15,861",2020-03-03 12:13:54
2020-02,경부선,1726,직산,"14,766","14,468","3,392","3,301",2020-03-03 12:13:54
2020-02,경부선,1727,두정,"98,686","100,225","14,859","15,161",2020-03-03 12:13:54
2020-02,경부선,1728,천안,"89,508","91,101","32,808","33,172",2020-03-03 12:13:54
2020-02,경부선,1729,당정,"131,133","124,391","20,568","20,053",2020-03-03 12:13:54
2020-02,경부선,1749,서동탄,"31,631","25,594","6,510","6,065",2020-03-03 12:13:54
2020-02,경부선,1750,광명,"68,792","54,989","5,637","4,728",2020-03-03 12:13:54
2020-02,경인선,1801,개봉,"427,835","425,739","112,470","117,396",2020-03-03 12:13:54
2020-02,경인선,1802,오류동,"233,009","216,914","70,718","70,093",2020-03-03 12:13:54
2020-02,경인선,1803,역곡,"579,132","568,068","112,575","115,128",2020-03-03 12:13:54
2020-02,경인선,1804,부천,"699,027","702,476","143,317","144,503",2020-03-03 12:13:54
2020-02,경인선,1805,송내,"633,078","622,966","87,201","86,563",2020-03-03 12:13:54
2020-02,경인선,1806,부평,"726,378","791,389","104,173","105,675",2020-03-03 12:13:54
2020-02,경인선,1807,백운,"142,432","138,453","44,192","45,241",2020-03-03 12:13:54
2020-02,경인선,1808,동암,"336,563","336,107","72,565","73,339",2020-03-03 12:13:54
2020-02,경인선,1809,주안,"448,803","406,608","68,305","61,372",2020-03-03 12:13:54
2020-02,경인선,1810,제물포,"202,540","188,570","46,961","46,529",2020-03-03 12:13:54
2020-02,경인선,1811,동인천,"282,374","266,811","88,661","86,412",2020-03-03 12:13:54
2020-02,경인선,1812,인천,"53,413","37,683","19,983","18,267",2020-03-03 12:13:54
2020-02,경인선,1813,구일,"123,920","124,610","28,798","28,704",2020-03-03 12:13:54
2020-02,경인선,1814,소사,"193,355","182,581","50,747","50,243",2020-03-03 12:13:54
2020-02,경인선,1815,부개,"169,044","156,883","46,455","45,689",2020-03-03 12:13:54
2020-02,경인선,1816,간석,"116,255","109,605","33,714","32,334",2020-03-03 12:13:54
2020-02,경인선,1817,도원,"45,176","45,213","25,831","27,055",2020-03-03 12:13:54
2020-02,경인선,1821,온수(성공회대입구),"126,006","124,352","34,277","33,911",2020-03-03 12:13:54
2020-02,경인선,1822,중동,"177,193","164,013","49,091","48,860",2020-03-03 12:13:54
2020-02,경인선,1823,도화,"67,452","58,288","28,272","27,372",2020-03-03 12:13:54
2020-02,경원선,1008,이촌(국립중앙박물관),"75,996","56,634","20,357","16,821",2020-03-03 12:13:54
2020-02,경원선,1009,서빙고,"34,201","32,668","11,680","11,266",2020-03-03 12:13:54
2020-02,경원선,1010,한남,"81,658","78,496","22,973","21,471",2020-03-03 12:13:54
2020-02,경원선,1011,옥수,999,669,71,66,2020-03-03 12:13:54
2020-02,경원선,1012,응봉,"29,992","25,490","11,858","10,950",2020-03-03 12:13:54
2020-02,경원선,1013,왕십리(성동구청),"327,761","369,902","42,047","46,530",2020-03-03 12:13:54
2020-02,경원선,1014,청량리(서울시립대입구),"254,289","275,766","98,534","103,025",2020-03-03 12:13:54
2020-02,경원선,1016,외대앞,"169,053","161,716","36,037","36,505",2020-03-03 12:13:54
2020-02,경원선,1017,신이문,"170,462","150,058","50,622","49,461",2020-03-03 12:13:54
2020-02,경원선,1018,석계,"174,741","198,360","47,261","51,284",2020-03-03 12:13:54
2020-02,경원선,1019,광운대,"165,561","153,225","40,732","40,415",2020-03-03 12:13:54
2020-02,경원선,1020,월계,"100,178","92,807","44,189","42,752",2020-03-03 12:13:54
2020-02,경원선,1021,녹천,"88,129","71,049","28,749","26,214",2020-03-03 12:13:54
2020-02,경원선,1022,창동,13,0,1,0,2020-03-03 12:13:54
2020-02,경원선,1901,방학,"156,031","148,980","83,201","82,916",2020-03-03 12:13:54
2020-02,경원선,1902,도봉,"95,827","86,694","52,508","52,381",2020-03-03 12:13:54
2020-02,경원선,1903,도봉산,"123,756","62,564","74,631","57,438",2020-03-03 12:13:54
2020-02,경원선,1904,망월사,"131,593","133,165","55,367","57,040",2020-03-03 12:13:54
2020-02,경원선,1905,회룡,"204,034","194,850","106,784","107,239",2020-03-03 12:13:54
2020-02,경원선,1906,의정부,"407,090","424,717","88,665","89,945",2020-03-03 12:13:54
2020-02,경원선,1907,가능,"120,171","113,818","44,118","42,895",2020-03-03 12:13:54
2020-02,경원선,1908,녹양,"92,892","87,510","27,476","26,236",2020-03-03 12:13:54
2020-02,경원선,1909,양주,"159,223","144,457","41,345","40,488",2020-03-03 12:13:54
2020-02,경원선,1910,덕계,"44,304","37,817","13,468","13,046",2020-03-03 12:13:54
2020-02,경원선,1911,덕정,"114,917","110,208","26,181","26,358",2020-03-03 12:13:54
2020-02,경원선,1912,지행,"128,772","126,618","33,311","32,991",2020-03-03 12:13:54
2020-02,경원선,1913,동두천중앙,"52,362","48,917","29,350","29,856",2020-03-03 12:13:54
2020-02,경원선,1914,보산,"31,792","30,149","10,146","9,444",2020-03-03 12:13:54
2020-02,경원선,1915,동두천,"33,066","38,109","15,789","19,554",2020-03-03 12:13:54
2020-02,경원선,1916,소요산,"31,343","23,167","43,413","38,462",2020-03-03 12:13:54
2020-02,안산선,1751,산본,"349,781","378,251","71,884","73,417",2020-03-03 12:13:54
2020-02,안산선,1752,대야미,"100,536","87,311","20,509","19,078",2020-03-03 12:13:54
2020-02,안산선,1753,반월,"88,209","81,820","21,182","20,982",2020-03-03 12:13:54
2020-02,안산선,1754,상록수,"399,745","389,462","58,414","59,469",2020-03-03 12:13:54
2020-02,안산선,1755,한대앞,"160,328","158,766","27,097","26,836",2020-03-03 12:13:54
2020-02,안산선,1756,중앙,"360,110","383,165","39,742","39,144",2020-03-03 12:13:54
2020-02,안산선,1757,고잔,"172,297","168,722","24,382","23,851",2020-03-03 12:13:54
2020-02,안산선,1758,초지,"86,320","85,386","10,359","10,437",2020-03-03 12:13:54
2020-02,안산선,1759,안산,"278,470","247,678","26,561","23,865",2020-03-03 12:13:54
2020-02,안산선,1760,신길온천,"31,055","27,993","5,968","5,737",2020-03-03 12:13:54
2020-02,안산선,1761,정왕,"148,528","159,112","17,025","18,447",2020-03-03 12:13:54
2020-02,안산선,1762,오이도,"196,764","187,681","24,494","23,809",2020-03-03 12:13:54
2020-02,안산선,1763,수리산,"79,518","60,660","22,489","21,045",2020-03-03 12:13:54
2020-02,과천선,1450,선바위,"191,401","163,521","22,748","21,521",2020-03-03 12:13:54
2020-02,과천선,1451,경마공원,"96,456","98,647","43,453","43,706",2020-03-03 12:13:54
2020-02,과천선,1452,대공원,"32,678","34,940","20,583","21,377",2020-03-03 12:13:54
2020-02,과천선,1453,과천,"96,718","87,999","24,458","23,683",2020-03-03 12:13:54
2020-02,과천선,1454,정부과천청사,"217,934","216,177","41,532","39,874",2020-03-03 12:13:54
2020-02,과천선,1455,인덕원,"530,218","540,928","75,949","79,925",2020-03-03 12:13:54
2020-02,과천선,1456,평촌,"384,920","378,828","46,805","47,544",2020-03-03 12:13:54
2020-02,과천선,1457,범계,"601,593","586,596","74,276","71,612",2020-03-03 12:13:54
2020-02,분당선,1023,선릉,"272,697","444,248","31,372","43,622",2020-03-03 12:13:54
2020-02,분당선,1024,한티,"312,341","326,181","47,661","48,334",2020-03-03 12:13:54
2020-02,분당선,1025,도곡,"127,276","128,579","29,530","29,329",2020-03-03 12:13:54
2020-02,분당선,1026,구룡,"26,882","26,210","9,564","9,458",2020-03-03 12:13:54
2020-02,분당선,1027,개포동,"70,100","73,354","17,060","17,734",2020-03-03 12:13:54
2020-02,분당선,1028,대모산입구,"61,363","55,406","21,086","20,931",2020-03-03 12:13:54
2020-02,분당선,1030,수서,"296,704","299,328","46,553","48,022",2020-03-03 12:13:54
2020-02,분당선,1031,복정,11,0,1,0,2020-03-03 12:13:54
2020-02,분당선,1846,수원,"177,476","122,876","19,009","12,003",2020-03-03 12:13:54
2020-02,분당선,1847,서울숲,"195,417","198,686","17,219","16,700",2020-03-03 12:13:54
2020-02,분당선,1848,압구정로데오,"390,410","447,718","32,926","31,696",2020-03-03 12:13:54
2020-02,분당선,1849,강남구청,"204,431","239,356","29,320","31,723",2020-03-03 12:13:54
2020-02,분당선,1850,선정릉,"171,143","185,837","22,661","22,099",2020-03-03 12:13:54
2020-02,분당선,1851,가천대,"138,921","162,527","19,943","21,606",2020-03-03 12:13:54
2020-02,분당선,1852,태평,"282,258","269,342","68,770","72,069",2020-03-03 12:13:54
2020-02,분당선,1853,모란,"417,980","413,954","118,756","129,867",2020-03-03 12:13:54
2020-02,분당선,1854,야탑,"556,392","590,752","115,671","115,132",2020-03-03 12:13:54
2020-02,분당선,1855,서현,"593,488","603,545","91,801","89,493",2020-03-03 12:13:54
2020-02,분당선,1856,수내,"272,512","270,728","52,302","51,067",2020-03-03 12:13:54
2020-02,분당선,1857,정자,"368,334","394,295","48,702","49,059",2020-03-03 12:13:54
2020-02,분당선,1858,미금,"325,650","346,260","78,442","82,417",2020-03-03 12:13:54
2020-02,분당선,1859,오리,"244,878","207,117","56,122","47,823",2020-03-03 12:13:54
2020-02,분당선,1860,이매,"110,337","106,531","28,446","27,512",2020-03-03 12:13:54
2020-02,분당선,1861,보정,"44,015","36,199","15,214","14,549",2020-03-03 12:13:54
2020-02,분당선,1862,죽전,"287,655","316,882","49,515","53,427",2020-03-03 12:13:54
2020-02,분당선,1863,구성,"91,976","92,363","23,945","24,604",2020-03-03 12:13:54
2020-02,분당선,1864,신갈,"91,460","88,194","19,379","19,576",2020-03-03 12:13:54
2020-02,분당선,1865,기흥,"207,705","196,909","28,596","28,271",2020-03-03 12:13:54
2020-02,분당선,1866,상갈,"111,546","104,547","21,673","20,909",2020-03-03 12:13:54
2020-02,분당선,1867,청명,"85,170","79,182","13,350","13,499",2020-03-03 12:13:54
2020-02,분당선,1868,영통,"187,999","190,158","21,211","21,199",2020-03-03 12:13:54
2020-02,분당선,1869,망포,"302,372","284,215","24,720","23,738",2020-03-03 12:13:54
2020-02,분당선,1870,매탄권선,"94,353","88,241","12,138","11,858",2020-03-03 12:13:54
2020-02,분당선,1871,수원시청,"259,656","295,494","27,247","27,856",2020-03-03 12:13:54
2020-02,분당선,1872,매교,"41,663","42,237","11,660","11,921",2020-03-03 12:13:54
2020-02,일산선,1948,원흥,"183,379","170,237","39,113","38,055",2020-03-03 12:13:54
2020-02,일산선,1950,삼송,"365,141","347,223","67,850","67,691",2020-03-03 12:13:54
2020-02,일산선,1951,원당,"215,287","203,681","59,422","58,847",2020-03-03 12:13:54
2020-02,일산선,1952,화정,"354,938","368,877","89,617","92,114",2020-03-03 12:13:54
2020-02,일산선,1953,대곡,"33,284","23,341","7,268","6,524",2020-03-03 12:13:54
2020-02,일산선,1954,백석,"202,050","203,678","55,025","53,799",2020-03-03 12:13:54
2020-02,일산선,1955,마두,"134,536","140,699","51,330","52,127",2020-03-03 12:13:54
2020-02,일산선,1956,정발산,"151,063","163,067","36,947","34,710",2020-03-03 12:13:54
2020-02,일산선,1957,주엽,"150,408","152,965","59,704","61,871",2020-03-03 12:13:54
2020-02,일산선,1958,대화,"282,683","215,893","58,320","53,324",2020-03-03 12:13:54
2020-02,중앙선,1015,회기,"525,941","503,048","93,511","92,500",2020-03-03 12:13:54
2020-02,중앙선,1201,중랑,"100,416","96,761","37,288","37,586",2020-03-03 12:13:54
2020-02,중앙선,1202,상봉(시외버스터미널),"120,902","117,268","29,446","27,753",2020-03-03 12:13:54
2020-02,중앙선,1203,망우,"136,095","133,861","51,716","53,253",2020-03-03 12:13:54
2020-02,중앙선,1204,양원,"24,133","24,806","11,518","12,042",2020-03-03 12:13:54
2020-02,중앙선,1205,구리,"262,407","269,643","59,624","61,110",2020-03-03 12:13:54
2020-02,중앙선,1206,도농,"191,556","171,079","42,978","41,851",2020-03-03 12:13:54
2020-02,중앙선,1207,양정,"14,218","12,293","5,563","5,088",2020-03-03 12:13:54
2020-02,중앙선,1208,덕소,"105,922","104,977","36,011","36,280",2020-03-03 12:13:54
2020-02,중앙선,1209,도심,"48,089","36,457","13,143","12,458",2020-03-03 12:13:54
2020-02,중앙선,1210,팔당,"16,122","16,199","4,792","4,708",2020-03-03 12:13:54
2020-02,중앙선,1211,운길산,"11,794","10,277","5,194","5,147",2020-03-03 12:13:54
2020-02,중앙선,1212,양수,"28,137","28,085","12,382","12,748",2020-03-03 12:13:54
2020-02,중앙선,1213,신원,"2,395","2,201","2,085","1,739",2020-03-03 12:13:54
2020-02,중앙선,1214,국수,"9,623","9,818","5,643","5,825",2020-03-03 12:13:54
2020-02,중앙선,1215,아신,"8,978","8,990","3,808","3,760",2020-03-03 12:13:54
2020-02,중앙선,1216,오빈,"4,019","3,949","2,410","2,460",2020-03-03 12:13:54
2020-02,중앙선,1217,양평,"45,487","46,374","19,982","20,046",2020-03-03 12:13:54
2020-02,중앙선,1218,원덕,"4,001","3,841","3,524","3,539",2020-03-03 12:13:54
2020-02,중앙선,1219,용문,"23,022","23,820","20,400","20,565",2020-03-03 12:13:54
2020-02,중앙선,1220,지평,515,386,527,420,2020-03-03 12:13:54
2020-02,장항선,1401,봉명,"18,391","17,895","8,136","7,776",2020-03-03 12:13:54
2020-02,장항선,1402,쌍용(나사렛대),"33,805","31,251","7,960","7,378",2020-03-03 12:13:54
2020-02,장항선,1403,아산,"53,022","47,399","6,471","6,072",2020-03-03 12:13:54
2020-02,장항선,1405,배방,"16,996","16,303","4,119","3,971",2020-03-03 12:13:54
2020-02,장항선,1407,온양온천,"53,923","54,389","29,698","30,707",2020-03-03 12:13:54
2020-02,장항선,1408,신창(순천향대),"18,995","18,386","4,152","3,932",2020-03-03 12:13:54
2020-02,경의선,1251,서울역,"82,257","103,554","10,106","12,360",2020-03-03 12:13:54
2020-02,경의선,1252,신촌,"16,097","21,366","2,939","3,391",2020-03-03 12:13:54
2020-02,경의선,1261,효창공원앞,"56,842","63,542","10,504","11,338",2020-03-03 12:13:54
2020-02,경의선,1262,공덕,"78,638","65,717","9,819","9,132",2020-03-03 12:13:54
2020-02,경의선,1263,서강대,"44,169","43,718","7,839","7,495",2020-03-03 12:13:54
2020-02,경의선,1264,홍대입구,"42,310","50,112","3,839","4,225",2020-03-03 12:13:54
2020-02,경의선,1265,가좌,"92,294","83,243","32,526","32,723",2020-03-03 12:13:54
2020-02,경의선,1266,디지털미디어시티,"49,728","47,639","7,483","7,654",2020-03-03 12:13:54
2020-02,경의선,1267,수색,"45,163","45,434","9,991","10,281",2020-03-03 12:13:54
2020-02,경의선,1268,화전,"29,705","26,632","6,449","6,097",2020-03-03 12:13:54
2020-02,경의선,1269,강매,"57,794","47,574","12,345","11,988",2020-03-03 12:13:54
2020-02,경의선,1270,행신,"163,435","156,253","24,462","24,756",2020-03-03 12:13:54
2020-02,경의선,1271,능곡,"66,117","59,244","21,191","20,941",2020-03-03 12:13:54
2020-02,경의선,1272,곡산,"9,279","9,746","3,312","3,119",2020-03-03 12:13:54
2020-02,경의선,1273,백마,"137,698","126,657","23,898","23,744",2020-03-03 12:13:54
2020-02,경의선,1274,풍산,"105,722","96,667","22,408","22,093",2020-03-03 12:13:54
2020-02,경의선,1275,일산,"171,160","166,009","41,015","41,102",2020-03-03 12:13:54
2020-02,경의선,1276,탄현,"156,317","149,916","26,826","26,154",2020-03-03 12:13:54
2020-02,경의선,1277,야당,"116,083","110,750","20,632","20,318",2020-03-03 12:13:54
2020-02,경의선,1278,운정,"118,499","109,355","23,947","23,971",2020-03-03 12:13:54
2020-02,경의선,1279,금릉,"89,846","88,528","18,360","18,004",2020-03-03 12:13:54
2020-02,경의선,1280,금촌,"127,930","125,294","32,562","33,201",2020-03-03 12:13:54
2020-02,경의선,1282,월롱,"44,009","39,474","5,398","6,133",2020-03-03 12:13:54
2020-02,경의선,1283,파주,"22,042","15,344","5,524","4,472",2020-03-03 12:13:54
2020-02,경의선,1284,문산,"100,157","99,183","29,647","29,426",2020-03-03 12:13:54
2020-02,경의선,1291,서울역,4,0,0,0,2020-03-03 12:13:54
2020-02,경의선,1295,김포공항,1,0,0,0,2020-03-03 12:13:54
2020-02,경의선,1296,계양,4,0,1,0,2020-03-03 12:13:54
2020-02,경의선,1297,검암,3,0,0,0,2020-03-03 12:13:54
2020-02,경춘선,1311,신내,"21,884","22,828","9,649","9,609",2020-03-03 12:13:54
2020-02,경춘선,1312,갈매,"53,471","44,952","13,525","12,802",2020-03-03 12:13:54
2020-02,경춘선,1313,별내,"47,910","46,813","13,560","13,207",2020-03-03 12:13:54
2020-02,경춘선,1314,퇴계원,"67,547","61,854","19,827","19,134",2020-03-03 12:13:54
2020-02,경춘선,1315,사릉,"65,023","61,632","14,398","14,444",2020-03-03 12:13:54
2020-02,경춘선,1316,금곡,"25,096","23,591","11,261","11,003",2020-03-03 12:13:54
2020-02,경춘선,1317,평내호평,"108,706","108,356","30,049","28,541",2020-03-03 12:13:54
2020-02,경춘선,1318,천마산,"24,084","20,755","12,591","13,077",2020-03-03 12:13:54
2020-02,경춘선,1319,마석,"62,415","61,055","23,960","23,889",2020-03-03 12:13:54
2020-02,경춘선,1320,대성리,"10,619","9,534","3,870","3,529",2020-03-03 12:13:54
2020-02,경춘선,1321,청평,"31,457","28,970","10,915","11,067",2020-03-03 12:13:54
2020-02,경춘선,1322,상천,"3,514","3,103","2,644","2,523",2020-03-03 12:13:54
2020-02,경춘선,1323,가평,"32,525","33,204","9,174","8,920",2020-03-03 12:13:54
2020-02,경춘선,1324,굴봉산,"1,810","2,065","1,241","1,307",2020-03-03 12:13:54
2020-02,경춘선,1325,백양리,"5,293","4,740",685,668,2020-03-03 12:13:54
2020-02,경춘선,1326,강촌,"6,902","6,509","2,559","2,574",2020-03-03 12:13:54
2020-02,경춘선,1327,김유정,"5,550","5,906","1,924","1,910",2020-03-03 12:13:54
2020-02,경춘선,1328,남춘천,"43,424","45,246","14,540","15,095",2020-03-03 12:13:54
2020-02,경춘선,1329,춘천,"21,934","20,138","10,224","8,942",2020-03-03 12:13:54
2020-02,수인선,1878,달월,"1,181",869,593,378,2020-03-03 12:13:54
2020-02,수인선,1879,월곶,"46,147","43,064","9,618","9,798",2020-03-03 12:13:54
2020-02,수인선,1880,소래포구,"75,568","70,008","25,924","24,858",2020-03-03 12:13:54
2020-02,수인선,1881,인천논현,"114,827","120,054","26,127","26,587",2020-03-03 12:13:54
2020-02,수인선,1882,호구포,"71,390","71,924","14,790","14,493",2020-03-03 12:13:54
2020-02,수인선,1883,남동인더스파크,"47,230","51,488","5,346","5,465",2020-03-03 12:13:54
2020-02,수인선,1884,원인재,"83,308","85,577","22,395","22,442",2020-03-03 12:13:54
2020-02,수인선,1885,연수,"93,685","95,348","22,236","22,460",2020-03-03 12:13:54
2020-02,수인선,1886,송도,"45,443","41,444","16,156","15,913",2020-03-03 12:13:54
2020-02,수인선,1888,인하대,"101,664","96,360","18,140","17,471",2020-03-03 12:13:54
2020-02,수인선,1889,숭의,"67,237","61,683","20,883","20,352",2020-03-03 12:13:54
2020-02,수인선,1890,신포,"29,425","30,088","9,261","9,562",2020-03-03 12:13:54
2020-02,수인선,1891,인천,"12,216","23,975","8,469","9,910",2020-03-03 12:13:54
2020-02,경강선,1501,판교,"98,597","97,754","9,059","7,807",2020-03-03 12:13:54
2020-02,경강선,1502,이매,"21,242","17,598","4,753","4,313",2020-03-03 12:13:54
2020-02,경강선,1503,삼동,"46,988","40,932","8,408","8,336",2020-03-03 12:13:54
2020-02,경강선,1504,경기광주,"148,267","139,244","19,399","19,977",2020-03-03 12:13:54
2020-02,경강선,1505,초월,"55,275","52,692","8,830","8,801",2020-03-03 12:13:54
2020-02,경강선,1506,곤지암,"37,885","36,563","7,444","7,705",2020-03-03 12:13:54
2020-02,경강선,1507,신둔도예촌,"22,519","20,932","4,478","4,255",2020-03-03 12:13:54
2020-02,경강선,1508,이천,"52,072","55,540","8,753","9,288",2020-03-03 12:13:54
2020-02,경강선,1509,부발,"38,030","35,886","4,526","4,471",2020-03-03 12:13:54
2020-02,경강선,1510,세종대왕릉,"4,489","4,285","2,013","1,947",2020-03-03 12:13:54
2020-02,경강선,1511,여주,"34,551","34,608","9,193","9,044",2020-03-03 12:13:54
2020-02,5호선,2511,방화,"135,243","127,984","37,945","36,151",2020-03-03 12:13:54
2020-02,5호선,2512,개화산,"114,985","109,874","27,656","27,015",2020-03-03 12:13:54
2020-02,5호선,2513,김포공항,"154,524","140,221","20,893","23,058",2020-03-03 12:13:54
2020-02,5호선,2514,송정,"141,999","129,549","37,701","36,888",2020-03-03 12:13:54
2020-02,5호선,2515,마곡,"157,988","148,314","24,799","24,143",2020-03-03 12:13:54
2020-02,5호선,2516,발산,"412,277","426,733","65,718","63,380",2020-03-03 12:13:54
2020-02,5호선,2517,우장산,"290,968","285,002","67,529","70,177",2020-03-03 12:13:54
2020-02,5호선,2518,화곡,"629,483","580,892","113,271","108,423",2020-03-03 12:13:54
2020-02,5호선,2519,까치산,"635,529","598,561","121,382","123,064",2020-03-03 12:13:54
2020-02,5호선,2520,신정(은행정),"298,796","223,359","46,239","44,302",2020-03-03 12:13:54
2020-02,5호선,2521,목동,"374,047","410,691","64,590","66,688",2020-03-03 12:13:54
2020-02,5호선,2522,오목교(목동운동장앞),"541,249","583,704","64,404","63,869",2020-03-03 12:13:54
2020-02,5호선,2523,양평,"154,587","152,857","22,979","22,633",2020-03-03 12:13:54
2020-02,5호선,2524,영등포구청,"77,889","79,153","15,676","15,320",2020-03-03 12:13:54
2020-02,5호선,2525,영등포시장,"185,708","193,820","56,114","57,154",2020-03-03 12:13:54
2020-02,5호선,2526,신길,"81,614","90,506","9,097","9,403",2020-03-03 12:13:54
2020-02,5호선,2527,여의도,"575,597","613,334","40,322","37,133",2020-03-03 12:13:54
2020-02,5호선,2528,여의나루,"164,887","172,322","19,572","18,294",2020-03-03 12:13:54
2020-02,5호선,2529,마포,"298,198","308,893","47,427","46,752",2020-03-03 12:13:54
2020-02,5호선,2530,공덕,"310,000","337,520","34,067","32,438",2020-03-03 12:13:54
2020-02,5호선,2531,애오개,"146,740","149,318","29,450","28,551",2020-03-03 12:13:54
2020-02,5호선,2532,충정로(경기대입구),"98,453","101,183","12,232","12,431",2020-03-03 12:13:54
2020-02,5호선,2533,서대문,"378,226","390,833","51,407","49,264",2020-03-03 12:13:54
2020-02,5호선,2534,광화문(세종문화회관),"740,431","783,122","73,352","69,812",2020-03-03 12:13:54
2020-02,5호선,2535,종로3가,"267,364","254,729","76,473","80,417",2020-03-03 12:13:54
2020-02,5호선,2536,을지로4가,"105,377","110,953","33,049","32,986",2020-03-03 12:13:54
2020-02,5호선,2537,동대문역사문화공원,"66,110","76,502","7,920","8,495",2020-03-03 12:13:54
2020-02,5호선,2538,청구,"82,324","76,786","21,782","16,997",2020-03-03 12:13:54
2020-02,5호선,2539,신금호,"126,050","125,246","28,182","31,694",2020-03-03 12:13:54
2020-02,5호선,2540,행당,"168,430","148,618","36,521","33,526",2020-03-03 12:13:54
2020-02,5호선,2541,왕십리(성동구청),"97,941","115,038","19,269","18,123",2020-03-03 12:13:54
2020-02,5호선,2542,마장,"110,411","104,092","31,317","31,247",2020-03-03 12:13:54
2020-02,5호선,2543,답십리,"345,142","312,353","62,828","61,266",2020-03-03 12:13:54
2020-02,5호선,2544,장한평,"386,431","383,637","74,414","75,376",2020-03-03 12:13:54
2020-02,5호선,2545,군자(능동),"250,667","275,913","30,387","31,834",2020-03-03 12:13:54
2020-02,5호선,2546,아차산(어린이대공원후문),"286,015","278,018","72,967","71,685",2020-03-03 12:13:54
2020-02,5호선,2547,광나루(장신대),"287,695","255,124","50,291","49,107",2020-03-03 12:13:54
2020-02,5호선,2548,천호(풍납토성),"381,699","391,877","96,752","101,866",2020-03-03 12:13:54
2020-02,5호선,2549,강동,"422,702","371,973","81,558","74,165",2020-03-03 12:13:54
2020-02,5호선,2550,길동,"135,746","145,544","49,846","51,977",2020-03-03 12:13:54
2020-02,5호선,2551,굽은다리(강동구민회관앞),"180,936","171,817","49,648","46,562",2020-03-03 12:13:54
2020-02,5호선,2552,명일,"158,255","163,033","46,597","48,760",2020-03-03 12:13:54
2020-02,5호선,2553,고덕,"170,850","171,954","42,383","42,528",2020-03-03 12:13:54
2020-02,5호선,2554,상일동,"324,815","272,453","63,888","60,721",2020-03-03 12:13:54
2020-02,5호선,2555,둔촌동,"165,839","167,586","46,739","47,463",2020-03-03 12:13:54
2020-02,5호선,2556,올림픽공원(한국체대),"76,352","68,472","21,649","20,165",2020-03-03 12:13:54
2020-02,5호선,2557,방이,"146,695","150,805","33,660","33,302",2020-03-03 12:13:54
2020-02,5호선,2558,오금,"73,411","73,967","14,492","14,287",2020-03-03 12:13:54
2020-02,5호선,2559,개롱,"129,130","132,751","33,466","34,521",2020-03-03 12:13:54
2020-02,5호선,2560,거여,"146,804","136,166","41,599","41,264",2020-03-03 12:13:54
2020-02,5호선,2561,마천,"92,448","90,607","37,122","39,151",2020-03-03 12:13:54
2020-02,6호선,2611,응암,"355,589","350,210","87,865","88,154",2020-03-03 12:13:54
2020-02,6호선,2612,역촌,"70,867","85,973","26,122","25,704",2020-03-03 12:13:54
2020-02,6호선,2613,불광,"88,552","91,828","29,479","24,529",2020-03-03 12:13:54
2020-02,6호선,2614,독바위,"55,650","56,860","14,997","18,341",2020-03-03 12:13:54
2020-02,6호선,2615,연신내,17,0,2,0,2020-03-03 12:13:54
2020-02,6호선,2616,구산,"149,434","102,263","39,612","40,208",2020-03-03 12:13:54
2020-02,6호선,2617,새절(신사),"262,082","242,176","66,274","67,220",2020-03-03 12:13:54
2020-02,6호선,2618,증산(명지대앞),"204,966","195,069","54,171","54,226",2020-03-03 12:13:54
2020-02,6호선,2619,디지털미디어시티,"294,824","323,775","42,143","42,793",2020-03-03 12:13:54
2020-02,6호선,2620,월드컵경기장(성산),"80,368","87,432","34,803","34,510",2020-03-03 12:13:54
2020-02,6호선,2621,마포구청,"297,978","263,272","60,329","55,384",2020-03-03 12:13:54
2020-02,6호선,2622,망원,"301,553","332,118","62,924","65,650",2020-03-03 12:13:54
2020-02,6호선,2623,합정,"332,459","320,882","29,925","27,798",2020-03-03 12:13:54
2020-02,6호선,2624,상수,"226,579","262,631","16,713","16,857",2020-03-03 12:13:54
2020-02,6호선,2625,광흥창(서강),"189,863","183,848","36,151","35,754",2020-03-03 12:13:54
2020-02,6호선,2626,대흥(서강대앞),"169,975","178,113","33,850","33,939",2020-03-03 12:13:54
2020-02,6호선,2627,공덕,"400,171","393,645","57,497","53,956",2020-03-03 12:13:54
2020-02,6호선,2628,효창공원앞,"143,434","127,364","29,705","28,022",2020-03-03 12:13:54
2020-02,6호선,2629,삼각지,"139,883","120,703","12,941","10,528",2020-03-03 12:13:54
2020-02,6호선,2630,녹사평(용산구청),"125,460","130,923","14,870","14,372",2020-03-03 12:13:54
2020-02,6호선,2631,이태원,"322,074","356,712","25,561","26,492",2020-03-03 12:13:54
2020-02,6호선,2632,한강진,"184,664","221,342","12,309","12,115",2020-03-03 12:13:54
2020-02,6호선,2633,버티고개,"46,129","42,114","11,131","12,932",2020-03-03 12:13:54
2020-02,6호선,2634,약수,"75,418","76,920","18,023","17,461",2020-03-03 12:13:54
2020-02,6호선,2635,청구,"79,322","84,326","16,304","20,160",2020-03-03 12:13:54
2020-02,6호선,2636,신당,"195,963","200,855","29,643","28,198",2020-03-03 12:13:54
2020-02,6호선,2637,동묘앞,"157,974","164,931","50,018","45,554",2020-03-03 12:13:54
2020-02,6호선,2638,창신,"72,364","55,297","14,144","13,104",2020-03-03 12:13:54
2020-02,6호선,2639,보문,"163,859","148,612","24,473","23,644",2020-03-03 12:13:54
2020-02,6호선,2640,안암(고대병원앞),"228,052","229,282","25,126","23,847",2020-03-03 12:13:54
2020-02,6호선,2641,고려대(종암),"175,882","168,720","26,129","26,554",2020-03-03 12:13:54
2020-02,6호선,2642,월곡(동덕여대),"231,518","224,787","57,214","57,078",2020-03-03 12:13:54
2020-02,6호선,2643,상월곡(한국과학기술연구원),"122,286","105,179","29,880","29,386",2020-03-03 12:13:54
2020-02,6호선,2644,돌곶이,"174,000","160,982","42,924","42,920",2020-03-03 12:13:54
2020-02,6호선,2645,석계,"259,373","266,396","58,481","58,986",2020-03-03 12:13:54
2020-02,6호선,2646,태릉입구,"112,469","127,316","21,863","23,201",2020-03-03 12:13:54
2020-02,6호선,2647,화랑대(서울여대입구),"250,421","188,201","35,151","31,196",2020-03-03 12:13:54
2020-02,6호선,2648,봉화산(서울의료원),"198,591","176,780","38,290","37,225",2020-03-03 12:13:54
2020-02,6호선,2649,신내,4,0,0,0,2020-03-03 12:13:54
2020-02,7호선,2711,장암,"55,541","17,613","6,158","3,917",2020-03-03 12:13:54
2020-02,7호선,2712,도봉산,"190,928","221,020","30,315","45,430",2020-03-03 12:13:54
2020-02,7호선,2713,수락산,"257,507","257,604","65,777","66,364",2020-03-03 12:13:54
2020-02,7호선,2714,마들,"234,679","219,296","60,040","60,655",2020-03-03 12:13:54
2020-02,7호선,2715,노원,"424,601","458,369","86,309","86,695",2020-03-03 12:13:54
2020-02,7호선,2716,중계,"299,562","266,462","68,704","66,764",2020-03-03 12:13:54
2020-02,7호선,2717,하계,"373,476","350,154","76,597","72,882",2020-03-03 12:13:54
2020-02,7호선,2718,공릉(서울과학기술대),"248,978","248,218","52,034","52,347",2020-03-03 12:13:54
2020-02,7호선,2719,태릉입구,"172,712","158,696","31,613","29,224",2020-03-03 12:13:54
2020-02,7호선,2720,먹골,"217,091","209,399","47,699","48,523",2020-03-03 12:13:54
2020-02,7호선,2721,중화,"235,216","226,871","50,793","50,784",2020-03-03 12:13:54
2020-02,7호선,2722,상봉(시외버스터미널),"391,023","367,826","55,317","53,266",2020-03-03 12:13:54
2020-02,7호선,2723,면목,"316,722","301,504","72,856","75,252",2020-03-03 12:13:54
2020-02,7호선,2724,사가정,"325,846","323,483","73,595","74,294",2020-03-03 12:13:54
2020-02,7호선,2725,용마산,"126,091","115,821","27,675","30,136",2020-03-03 12:13:54
2020-02,7호선,2726,중곡,"203,894","186,635","47,315","47,763",2020-03-03 12:13:54
2020-02,7호선,2727,군자(능동),"314,065","240,302","57,605","51,096",2020-03-03 12:13:54
2020-02,7호선,2728,어린이대공원(세종대),"264,343","256,809","28,301","28,284",2020-03-03 12:13:54
2020-02,7호선,2729,건대입구,"289,068","316,672","39,284","35,840",2020-03-03 12:13:54
2020-02,7호선,2730,뚝섬유원지,"147,444","143,065","29,004","29,311",2020-03-03 12:13:54
2020-02,7호선,2731,청담,"441,348","502,614","59,408","56,983",2020-03-03 12:13:54
2020-02,7호선,2732,강남구청,"361,623","408,724","37,669","37,700",2020-03-03 12:13:54
2020-02,7호선,2733,학동,"520,328","567,830","47,663","44,429",2020-03-03 12:13:54
2020-02,7호선,2734,논현,"460,219","511,617","41,518","41,074",2020-03-03 12:13:54
2020-02,7호선,2735,반포,"126,529","123,778","24,976","23,868",2020-03-03 12:13:54
2020-02,7호선,2736,고속터미널,"371,768","307,738","53,157","47,090",2020-03-03 12:13:54
2020-02,7호선,2737,내방,"293,497","304,311","48,328","47,570",2020-03-03 12:13:54
2020-02,7호선,2738,이수,"356,603","351,654","56,492","54,236",2020-03-03 12:13:54
2020-02,7호선,2739,남성,"230,640","210,955","52,486","52,413",2020-03-03 12:13:54
2020-02,7호선,2740,숭실대입구(살피재),"257,161","254,783","42,561","44,088",2020-03-03 12:13:54
2020-02,7호선,2741,상도,"223,775","213,870","42,648","40,560",2020-03-03 12:13:54
2020-02,7호선,2742,장승배기,"205,906","197,652","54,680","55,275",2020-03-03 12:13:54
2020-02,7호선,2743,신대방삼거리,"349,435","328,847","68,200","69,552",2020-03-03 12:13:54
2020-02,7호선,2744,보라매,"202,060","201,371","36,334","35,540",2020-03-03 12:13:54
2020-02,7호선,2745,신풍,"224,908","212,592","47,654","48,483",2020-03-03 12:13:54
2020-02,7호선,2746,대림(구로구청),"160,672","159,767","23,188","22,304",2020-03-03 12:13:54
2020-02,7호선,2747,남구로,"341,003","364,251","45,003","45,147",2020-03-03 12:13:54
2020-02,7호선,2748,가산디지털단지,"979,194","988,569","63,530","60,450",2020-03-03 12:13:54
2020-02,7호선,2749,철산,"488,215","502,360","73,115","73,886",2020-03-03 12:13:54
2020-02,7호선,2750,광명사거리,"493,326","478,501","112,339","114,720",2020-03-03 12:13:54
2020-02,7호선,2751,천왕,"207,590","188,260","39,109","38,875",2020-03-03 12:13:54
2020-02,7호선,2752,온수(성공회대입구),"224,614","209,401","29,828","29,035",2020-03-03 12:13:54
2020-02,7호선,2753,까치울,"161,497","153,377","18,745","18,681",2020-03-03 12:13:54
2020-02,7호선,2754,부천종합운동장,"100,006","82,622","13,056","12,810",2020-03-03 12:13:54
2020-02,7호선,2755,춘의,"205,412","200,993","24,309","23,493",2020-03-03 12:13:54
2020-02,7호선,2756,신중동,"316,162","314,190","39,420","38,234",2020-03-03 12:13:54
2020-02,7호선,2757,부천시청,"261,287","261,844","38,039","36,550",2020-03-03 12:13:54
2020-02,7호선,2758,상동,"296,115","304,983","35,714","35,700",2020-03-03 12:13:54
2020-02,7호선,2759,삼산체육관,"100,881","89,105","17,829","17,310",2020-03-03 12:13:54
2020-02,7호선,2760,굴포천,"196,563","208,507","25,539","26,248",2020-03-03 12:13:54
2020-02,7호선,2761,부평구청,"269,292","217,512","22,773","21,051",2020-03-03 12:13:54
2020-02,8호선,2811,암사,"388,805","335,287","76,454","75,712",2020-03-03 12:13:54
2020-02,8호선,2812,천호(풍납토성),"373,750","440,284","65,578","62,582",2020-03-03 12:13:54
2020-02,8호선,2813,강동구청,"211,565","217,530","47,581","48,261",2020-03-03 12:13:54
2020-02,8호선,2814,몽촌토성(평화의문),"108,986","117,317","22,862","22,020",2020-03-03 12:13:54
2020-02,8호선,2815,잠실(송파구청),"309,490","363,086","47,190","45,641",2020-03-03 12:13:54
2020-02,8호선,2816,석촌,"156,524","185,449","36,770","39,244",2020-03-03 12:13:54
2020-02,8호선,2817,송파,"177,914","168,825","40,908","39,866",2020-03-03 12:13:54
2020-02,8호선,2818,가락시장,"150,725","174,380","44,070","44,880",2020-03-03 12:13:54
2020-02,8호선,2819,문정,"456,623","477,854","44,465","44,425",2020-03-03 12:13:54
2020-02,8호선,2820,장지,"383,259","364,884","54,402","52,265",2020-03-03 12:13:54
2020-02,8호선,2821,복정,"226,608","191,201","33,160","30,933",2020-03-03 12:13:54
2020-02,8호선,2822,산성,"109,609","105,072","25,191","27,389",2020-03-03 12:13:54
2020-02,8호선,2823,남한산성입구(성남법원.검찰청),"275,367","242,636","58,850","57,048",2020-03-03 12:13:54
2020-02,8호선,2824,단대오거리,"210,216","198,899","52,112","50,948",2020-03-03 12:13:54
2020-02,8호선,2825,신흥,"86,686","94,704","33,929","35,691",2020-03-03 12:13:54
2020-02,8호선,2826,수진,"101,024","90,310","36,100","35,446",2020-03-03 12:13:54
2020-02,8호선,2827,모란,"74,959","59,362","38,544","27,567",2020-03-03 12:13:54
2020-02,9호선,4101,개화,"53,224","37,169","9,510","7,587",2020-03-03 12:13:54
2020-02,9호선,4102,김포공항,"175,816","232,951","12,527","13,675",2020-03-03 12:13:54
2020-02,9호선,4103,공항시장,"55,048","61,406","17,712","19,303",2020-03-03 12:13:54
2020-02,9호선,4104,신방화,"135,973","132,682","33,413","33,393",2020-03-03 12:13:54
2020-02,9호선,4105,마곡나루,"235,387","235,432","18,313","18,134",2020-03-03 12:13:54
2020-02,9호선,4106,양천향교,"184,524","191,184","31,834","32,532",2020-03-03 12:13:54
2020-02,9호선,4107,가양,"414,599","401,321","96,180","93,490",2020-03-03 12:13:54
2020-02,9호선,4108,증미,"138,269","139,518","31,903","32,846",2020-03-03 12:13:54
2020-02,9호선,4109,등촌,"197,349","197,787","58,516","59,583",2020-03-03 12:13:54
2020-02,9호선,4110,염창,"371,474","358,563","51,529","51,064",2020-03-03 12:13:54
2020-02,9호선,4111,신목동,"79,664","71,061","13,775","13,096",2020-03-03 12:13:54
2020-02,9호선,4112,선유도,"157,007","151,827","19,157","18,566",2020-03-03 12:13:54
2020-02,9호선,4113,당산,"410,815","403,808","49,610","45,495",2020-03-03 12:13:54
2020-02,9호선,4114,국회의사당,"343,820","348,466","41,218","35,250",2020-03-03 12:13:54
2020-02,9호선,4115,여의도,"519,744","504,041","32,499","30,228",2020-03-03 12:13:54
2020-02,9호선,4116,샛강,"108,630","115,796","19,666","19,557",2020-03-03 12:13:54
2020-02,9호선,4117,노량진,"638,842","647,808","67,298","69,101",2020-03-03 12:13:54
2020-02,9호선,4118,노들,"87,556","73,199","23,611","21,767",2020-03-03 12:13:54
2020-02,9호선,4119,흑석(중앙대입구),"154,977","164,323","40,612","41,826",2020-03-03 12:13:54
2020-02,9호선,4120,동작(현충원),"34,985","27,356","9,334","7,837",2020-03-03 12:13:54
2020-02,9호선,4121,구반포,"54,773","58,243","16,821","17,019",2020-03-03 12:13:54
2020-02,9호선,4122,신반포,"53,826","54,543","14,053","13,847",2020-03-03 12:13:54
2020-02,9호선,4123,고속터미널,"265,934","380,502","34,590","39,643",2020-03-03 12:13:54
2020-02,9호선,4124,사평,"59,446","58,888","11,877","11,934",2020-03-03 12:13:54
2020-02,9호선,4125,신논현,"781,554","797,662","45,399","43,126",2020-03-03 12:13:54
2020-02,공항철도 1호선,4201,서울역,"244,813","205,926","22,556","21,167",2020-03-03 12:13:54
2020-02,공항철도 1호선,4202,공덕,"52,579","69,109","5,071","6,246",2020-03-03 12:13:54
2020-02,공항철도 1호선,4203,홍대입구,"266,273","267,400","12,650","12,068",2020-03-03 12:13:54
2020-02,공항철도 1호선,4204,디지털미디어시티,"297,700","271,562","18,768","17,449",2020-03-03 12:13:54
2020-02,공항철도 1호선,4206,마곡나루,"154,776","140,430","7,034","6,937",2020-03-03 12:13:54
2020-02,공항철도 1호선,4207,김포공항,"221,245","136,879","12,710","8,871",2020-03-03 12:13:54
2020-02,공항철도 1호선,4208,계양,"214,782","195,515","18,650","17,646",2020-03-03 12:13:54
2020-02,공항철도 1호선,4209,검암,"177,621","170,153","13,010","12,788",2020-03-03 12:13:54
2020-02,공항철도 1호선,4210,청라국제도시,"147,018","137,862","7,589","7,504",2020-03-03 12:13:54
2020-02,공항철도 1호선,4211,운서,"163,958","172,719","16,695","16,581",2020-03-03 12:13:54
2020-02,공항철도 1호선,4212,공항화물청사,"53,023","59,460","7,523","7,214",2020-03-03 12:13:54
2020-02,공항철도 1호선,4213,인천공항1터미널,"302,900","290,040","16,302","14,754",2020-03-03 12:13:54
2020-02,공항철도 1호선,4215,인천공항2터미널,"113,655","94,828","8,278","6,894",2020-03-03 12:13:54
2020-02,공항철도 1호선,4217,영종,"54,744","55,960","11,385","11,792",2020-03-03 12:13:54
2020-02,9호선2~3단계,4126,언주,"213,622","214,559","19,865","19,599",2020-03-03 12:13:54
2020-02,9호선2~3단계,4127,선정릉,"199,146","215,453","17,180","17,916",2020-03-03 12:13:54
2020-02,9호선2~3단계,4128,삼성중앙,"136,953","143,091","16,626","16,517",2020-03-03 12:13:54
2020-02,9호선2~3단계,4129,봉은사,"371,804","374,838","33,710","31,856",2020-03-03 12:13:54
2020-02,9호선2~3단계,4130,종합운동장,"95,320","90,597","12,555","11,311",2020-03-03 12:13:54
2020-02,9호선2~3단계,4131,삼전,"130,262","127,786","25,600","24,667",2020-03-03 12:13:54
2020-02,9호선2~3단계,4132,석촌고분,"109,833","108,877","22,335","22,607",2020-03-03 12:13:54
2020-02,9호선2~3단계,4133,석촌,"157,573","133,571","21,825","18,886",2020-03-03 12:13:54
2020-02,9호선2~3단계,4134,송파나루,"87,006","93,649","18,195","18,263",2020-03-03 12:13:54
2020-02,9호선2~3단계,4135,한성백제,"44,685","39,672","9,442","8,690",2020-03-03 12:13:54
2020-02,9호선2~3단계,4136,올림픽공원(한국체대),"127,627","125,205","13,583","13,102",2020-03-03 12:13:54
2020-02,9호선2~3단계,4137,둔촌오륜,"16,719","16,201","4,193","4,254",2020-03-03 12:13:54
2020-02,9호선2~3단계,4138,중앙보훈병원,"164,614","143,925","53,272","53,682",2020-03-03 12:13:54
2020-02,우이신설선,4701,북한산우이,"39,915","33,182","25,573","26,458",2020-03-03 12:13:54
2020-02,우이신설선,4702,솔밭공원,"36,123","33,719","21,142","22,046",2020-03-03 12:13:54
2020-02,우이신설선,4703,4.19민주묘지,"39,903","38,727","25,455","23,601",2020-03-03 12:13:54
2020-02,우이신설선,4704,가오리,"62,825","59,400","34,107","36,203",2020-03-03 12:13:54
2020-02,우이신설선,4705,화계,"49,641","43,982","30,963","31,787",2020-03-03 12:13:54
2020-02,우이신설선,4706,삼양,"27,809","29,674","20,507","23,236",2020-03-03 12:13:54
2020-02,우이신설선,4707,삼양사거리,"31,650","32,127","27,385","28,336",2020-03-03 12:13:54
2020-02,우이신설선,4708,솔샘,"107,751","97,692","27,789","28,725",2020-03-03 12:13:54
2020-02,우이신설선,4709,북한산보국문,"110,302","101,322","31,739","32,796",2020-03-03 12:13:54
2020-02,우이신설선,4710,정릉,"70,549","64,048","33,544","32,195",2020-03-03 12:13:54
2020-02,우이신설선,4711,성신여대입구(돈암),"54,338","64,694","22,848","21,724",2020-03-03 12:13:54
2020-02,우이신설선,4712,보문,"25,341","25,949","11,802","12,573",2020-03-03 12:13:54
2020-02,우이신설선,4713,신설동,"32,004","34,486","19,022","16,967",2020-03-03 12:13:54
